Oil Change,$29.99,Lot #1
Scheduled MX,$49.99,Lot #1
Tire Repair,$14.99,Lot #1
Tire RPL,$29.99,Lot #1
Brake RPL,$100,Lot #1
Fluid RPL,$39.99,Lot #1
Inspection,$19.99,Lot #1
Tune Up Service,$299.99,Lot #1
Battery RPL,$34.99,Lot #1
Compressor RPL,$799.99,Lot #1
Detailing,$39.99,Lot #2
Paint Job,$999.99,Lot #2
Window Tint,$199.99,Lot #2
Headlight Tint,$55.99,Lot #2
Taillight Tint,$55.99,Lot #2
Exterior Wash,$15.99,Lot #3
Interior Wash,$10.99,Lot #3
Ball Joint RPL,$199.99,Lot #1
Rim Painting,$59.99,Lot #2
